{
  "History":{
    "contribution":5338.15,
    "proportion":0.2482052355
  },
  "Fantasy":{
    "contribution":2447.475,
    "proportion":0.1137989957
  },
  "Action\/Adventure":{
    "contribution":2419.5666666667,
    "proportion":0.1125013561
  },
  "Economic":{
    "contribution":2182.9166666667,
    "proportion":0.1014979619
  },
  "Thriller":{
    "contribution":1674.9166666667,
    "proportion":0.0778777452
  },
  "Social":{
    "contribution":1541.2666666667,
    "proportion":0.0716634894
  },
  "Animals":{
    "contribution":1251.025,
    "proportion":0.0581682708
  },
  "Science Fiction":{
    "contribution":1247.3,
    "proportion":0.0579950714
  },
  "Arts":{
    "contribution":967.175,
    "proportion":0.0449702422
  },
  "Fighting":{
    "contribution":887.925,
    "proportion":0.0412853955
  },
  "Sports":{
    "contribution":854.2,
    "proportion":0.0397173013
  },
  "Education":{
    "contribution":695.0833333333,
    "proportion":0.0323189349
  }
}