{
  "History":{
    "contribution":4460.475,
    "proportion":0.2655044643
  },
  "Fantasy":{
    "contribution":1866.7083333333,
    "proportion":0.1111135913
  },
  "Action\/Adventure":{
    "contribution":1856.0416666667,
    "proportion":0.1104786706
  },
  "Economic":{
    "contribution":1766.8583333333,
    "proportion":0.1051701389
  },
  "Thriller":{
    "contribution":1204.4416666667,
    "proportion":0.0716929563
  },
  "Social":{
    "contribution":1195.9416666667,
    "proportion":0.071187004
  },
  "Science Fiction":{
    "contribution":973.675,
    "proportion":0.0579568452
  },
  "Animals":{
    "contribution":873.3333333333,
    "proportion":0.051984127
  },
  "Arts":{
    "contribution":723.6416666667,
    "proportion":0.0430739087
  },
  "Sports":{
    "contribution":701.6333333333,
    "proportion":0.0417638889
  },
  "Fighting":{
    "contribution":697.5833333333,
    "proportion":0.0415228175
  },
  "Education":{
    "contribution":479.6666666667,
    "proportion":0.0285515873
  }
}