{
  "History":{
    "contribution":3740.1083333333,
    "proportion":0.2789044246
  },
  "Action\/Adventure":{
    "contribution":1472.5916666667,
    "proportion":0.1098129505
  },
  "Fantasy":{
    "contribution":1443.5916666667,
    "proportion":0.1076503853
  },
  "Economic":{
    "contribution":1436.625,
    "proportion":0.1071308725
  },
  "Social":{
    "contribution":936.425,
    "proportion":0.0698303505
  },
  "Thriller":{
    "contribution":901.475,
    "proportion":0.0672240865
  },
  "Science Fiction":{
    "contribution":757.9083333333,
    "proportion":0.0565181457
  },
  "Animals":{
    "contribution":636.3,
    "proportion":0.0474496644
  },
  "Sports":{
    "contribution":629.8,
    "proportion":0.0469649515
  },
  "Fighting":{
    "contribution":559.4333333333,
    "proportion":0.0417176237
  },
  "Arts":{
    "contribution":538.325,
    "proportion":0.0401435496
  },
  "Education":{
    "contribution":357.4166666667,
    "proportion":0.0266529953
  }
}